{
    "root_group": {
        "checks": {},
        "name": "",
        "path": "",
        "id": "d41d8cd98f00b204e9800998ecf8427e",
        "groups": {}
    },
    "metrics": {
        "http_req_duration": {
            "avg": 682.2403732552433,
            "min": 110.703,
            "med": 640.086,
            "max": 2332.787,
            "p(90)": 1027.9976,
            "p(95)": 1165.7734
        },
        "data_sent": {
            "count": 2119204,
            "rate": 67120.9378163312
        },
        "iteration_duration": {
            "p(95)": 2166.7991581999995,
            "avg": 1683.3705511734038,
            "min": 1121.533417,
            "med": 1640.849292,
            "max": 3333.373709,
            "p(90)": 2029.5176338
        },
        "http_req_duration{expected_response:true}": {
            "max": 2332.787,
            "p(90)": 1027.9976,
            "p(95)": 1165.7734,
            "avg": 682.2403732552433,
            "min": 110.703,
            "med": 640.086
        },
        "vus": {
            "value": 391,
            "min": 391,
            "max": 1000
        },
        "http_req_sending": {
            "max": 26.786,
            "p(90)": 0.029,
            "p(95)": 0.057,
            "avg": 0.07044424982210302,
            "min": -0.008,
            "med": 0.01
        },
        "http_req_tls_handshaking": {
            "med": 0,
            "max": 0,
            "p(90)": 0,
            "p(95)": 0,
            "avg": 0,
            "min": 0
        },
        "http_req_connecting": {
            "p(95)": 0.042,
            "avg": 0.05183786742569382,
            "min": 0,
            "med": 0,
            "max": 12.051,
            "p(90)": 0
        },
        "data_received": {
            "count": 111532245,
            "rate": 3532528.6669715694
        },
        "vus_max": {
            "min": 1000,
            "max": 1000,
            "value": 1000
        },
        "http_req_blocked": {
            "max": 26.583,
            "p(90)": 0.016,
            "p(95)": 0.074,
            "avg": 0.07168624445780652,
            "min": 0,
            "med": 0.004
        },
        "http_req_waiting": {
            "avg": 682.108202966776,
            "min": 110.683,
            "med": 640.021,
            "max": 2332.767,
            "p(90)": 1027.9114000000002,
            "p(95)": 1165.7268
        },
        "http_req_receiving": {
            "avg": 0.061726038644698396,
            "min": 0.006,
            "med": 0.032,
            "max": 30.885,
            "p(90)": 0.079,
            "p(95)": 0.113
        },
        "http_req_failed": {
            "passes": 0,
            "fails": 18269,
            "value": 0
        },
        "http_reqs": {
            "count": 18269,
            "rate": 578.6287742787173
        },
        "iterations": {
            "count": 18269,
            "rate": 578.6287742787173
        }
    }
}